First Name,Last Name,Email,Phone,Date of Birth,Address
Rajesh,Kumar,rajesh.kumar@company.com,+91 9876543210,1985-03-15,101 Brigade Road Bengaluru
Priya,Sharma,priya.sharma@company.com,+91 9876543211,1990-07-22,45 Marine Drive Mumbai
Amit,Singh,amit.singh@company.com,+91 9876543212,1988-12-10,23 Connaught Place Delhi
Sneha,Patel,sneha.patel@company.com,+91 9876543213,1992-05-18,78 CG Road Ahmedabad
Vikram,Reddy,vikram.reddy@company.com,+91 9876543214,1987-09-03,56 Jubilee Hills Hyderabad
Kavya,Nair,kavya.nair@company.com,+91 9876543215,1993-11-27,12 MG Road Kochi
Arjun,Gupta,arjun.gupta@company.com,+91 9876543216,1989-02-14,34 Park Street Kolkata
Meera,Joshi,meera.joshi@company.com,+91 9876543217,1991-06-08,67 FC Road Pune
Rohit,Agarwal,rohit.agarwal@company.com,+91 9876543218,1986-10-25,89 Mall Road Shimla
Anita,Menon,anita.menon@company.com,+91 9876543219,1994-04-12,23 Anna Salai Chennai
Karan,Malhotra,karan.malhotra@company.com,+91 9876543220,1988-08-19,45 Sector 17 Chandigarh
Pooja,Kapoor,pooja.kapoor@company.com,+91 9876543221,1992-01-30,67 Linking Road Mumbai
Suresh,Yadav,suresh.yadav@company.com,+91 9876543222,1985-12-05,12 Civil Lines Lucknow
Deepika,Shah,deepika.shah@company.com,+91 9876543223,1990-03-28,34 Law Garden Ahmedabad
Manish,Tiwari,manish.tiwari@company.com,+91 9876543224,1987-07-16,56 Hazratganj Lucknow
Ritu,Bansal,ritu.bansal@company.com,+91 9876543225,1993-09-11,78 Model Town Delhi
Anil,Chopra,anil.chopra@company.com,+91 9876543226,1989-05-23,90 Karol Bagh Delhi
Sunita,Verma,sunita.verma@company.com,+91 9876543227,1991-11-07,12 Sadar Bazaar Agra
Rahul,Jain,rahul.jain@company.com,+91 9876543228,1986-02-18,34 MI Road Jaipur
Neha,Sinha,neha.sinha@company.com,+91 9876543229,1994-06-04,56 Fraser Road Patna
Vivek,Pandey,vivek.pandey@company.com,+91 9876543230,1988-10-12,78 Gomti Nagar Lucknow
Shweta,Kulkarni,shweta.kulkarni@company.com,+91 9876543231,1992-04-26,90 Deccan Gymkhana Pune
Ajay,Mishra,ajay.mishra@company.com,+91 9876543232,1985-08-14,12 Kalyanpuri Kanpur
Pallavi,Desai,pallavi.desai@company.com,+91 9876543233,1990-12-21,34 Navrangpura Ahmedabad
Sanjay,Bhatt,sanjay.bhatt@company.com,+91 9876543234,1987-03-09,56 Satellite Ahmedabad
Rekha,Iyer,rekha.iyer@company.com,+91 9876543235,1993-07-17,78 T Nagar Chennai
Gaurav,Saxena,gaurav.saxena@company.com,+91 9876543236,1989-11-03,90 Indira Nagar Lucknow
Kavita,Agrawal,kavita.agrawal@company.com,+91 9876543237,1991-05-20,12 Lajpat Nagar Delhi
Manoj,Thakur,manoj.thakur@company.com,+91 9876543238,1986-09-08,34 Ridge Road Shimla
Priyanka,Goyal,priyanka.goyal@company.com,+91 9876543239,1994-01-15,56 C Scheme Jaipur
Sachin,Dubey,sachin.dubey@company.com,+91 9876543240,1988-05-31,78 Gomti Nagar Lucknow
Nisha,Bhardwaj,nisha.bhardwaj@company.com,+91 9876543241,1992-09-18,90 Green Park Delhi
Ravi,Chandra,ravi.chandra@company.com,+91 9876543242,1985-01-06,12 Banjara Hills Hyderabad
Seema,Tripathi,seema.tripathi@company.com,+91 9876543243,1990-05-14,34 Alambagh Lucknow
Ashok,Gupta,ashok.gupta@company.com,+91 9876543244,1987-09-22,56 Connaught Circus Delhi
Divya,Rastogi,divya.rastogi@company.com,+91 9876543245,1993-03-10,78 Hazratganj Lucknow
Nitin,Sharma,nitin.sharma@company.com,+91 9876543246,1989-07-28,90 Sector 18 Noida
Geeta,Singhal,geeta.singhal@company.com,+91 9876543247,1991-11-16,12 Vasant Kunj Delhi
Harish,Agarwal,harish.agarwal@company.com,+91 9876543248,1986-03-24,34 Park Street Kolkata
Sonal,Mehta,sonal.mehta@company.com,+91 9876543249,1994-07-12,56 Borivali Mumbai
Deepak,Srivastava,deepak.srivastava@company.com,+91 9876543250,1988-11-30,78 Aminabad Lucknow
Asha,Khanna,asha.khanna@company.com,+91 9876543251,1992-05-18,90 Rajouri Garden Delhi
Vinod,Prasad,vinod.prasad@company.com,+91 9876543252,1985-09-05,12 Boring Road Patna
Smita,Jha,smita.jha@company.com,+91 9876543253,1990-01-23,34 Darbhanga Colony Patna
Rakesh,Tiwari,rakesh.tiwari@company.com,+91 9876543254,1987-05-11,56 Chowk Lucknow
Urmila,Pandey,urmila.pandey@company.com,+91 9876543255,1993-09-29,78 Indira Nagar Lucknow
Sunil,Gupta,sunil.gupta@company.com,+91 9876543256,1989-03-17,90 Karol Bagh Delhi
Lata,Sood,lata.sood@company.com,+91 9876543257,1991-07-04,12 The Mall Shimla
Brijesh,Kumar,brijesh.kumar@company.com,+91 9876543258,1986-11-22,34 Hazratganj Lucknow
Madhu,Bansal,madhu.bansal@company.com,+91 9876543259,1994-03-08,56 Lajpat Nagar Delhi
Pankaj,Shukla,pankaj.shukla@company.com,+91 9876543260,1988-07-26,78 Gomti Nagar Lucknow
Swati,Mishra,swati.mishra@company.com,+91 9876543261,1992-11-13,90 Indira Nagar Lucknow
Yogesh,Chaturvedi,yogesh.chaturvedi@company.com,+91 9876543262,1985-05-01,12 Civil Lines Allahabad
Kiran,Agrawal,kiran.agrawal@company.com,+91 9876543263,1990-09-19,34 Chowk Lucknow
Ajit,Singh,ajit.singh@company.com,+91 9876543264,1987-01-07,56 Mall Road Mussoorie
Bharti,Saxena,bharti.saxena@company.com,+91 9876543265,1993-05-25,78 Hazratganj Lucknow
Naresh,Yadav,naresh.yadav@company.com,+91 9876543266,1989-09-12,90 Aminabad Lucknow
Sunita,Gupta,sunita.gupta@company.com,+91 9876543267,1991-01-30,12 Rajendra Nagar Patna
Mohan,Sharma,mohan.sharma@company.com,+91 9876543268,1986-05-18,34 Connaught Place Delhi
Anita,Verma,anita.verma@company.com,+91 9876543269,1994-09-05,56 Park Street Kolkata
Rajiv,Khanna,rajiv.khanna@company.com,+91 9876543270,1988-03-23,78 Sector 17 Chandigarh
Preeti,Jain,preeti.jain@company.com,+91 9876543271,1992-07-11,90 MI Road Jaipur
Satish,Pandey,satish.pandey@company.com,+91 9876543272,1985-11-28,12 Gomti Nagar Lucknow
Meena,Tiwari,meena.tiwari@company.com,+91 9876543273,1990-03-16,34 Indira Nagar Lucknow
Arun,Dubey,arun.dubey@company.com,+91 9876543274,1987-07-03,56 Hazratganj Lucknow
Sushma,Srivastava,sushma.srivastava@company.com,+91 9876543275,1993-11-21,78 Chowk Lucknow
Dinesh,Agarwal,dinesh.agarwal@company.com,+91 9876543276,1989-05-09,90 Aminabad Lucknow
Renu,Mishra,renu.mishra@company.com,+91 9876543277,1991-09-26,12 Civil Lines Lucknow
Vikash,Kumar,vikash.kumar@company.com,+91 9876543278,1986-01-14,34 Fraser Road Patna
Sarita,Gupta,sarita.gupta@company.com,+91 9876543279,1994-05-02,56 Boring Road Patna
Ramesh,Yadav,ramesh.yadav@company.com,+91 9876543280,1988-09-20,78 Darbhanga Colony Patna
Kamala,Sharma,kamala.sharma@company.com,+91 9876543281,1992-03-08,90 Rajendra Nagar Patna
Subhash,Singh,subhash.singh@company.com,+91 9876543282,1985-07-25,12 Exhibition Road Patna
Pushpa,Pandey,pushpa.pandey@company.com,+91 9876543283,1990-11-12,34 Buddha Colony Patna
Mahesh,Tiwari,mahesh.tiwari@company.com,+91 9876543284,1987-03-30,56 Kankarbagh Patna
Usha,Dubey,usha.dubey@company.com,+91 9876543285,1993-07-18,78 Patliputra Colony Patna
Praveen,Srivastava,praveen.srivastava@company.com,+91 9876543286,1989-11-05,90 SK Puri Patna
Vandana,Agarwal,vandana.agarwal@company.com,+91 9876543287,1991-05-23,12 Anisabad Patna
Santosh,Mishra,santosh.mishra@company.com,+91 9876543288,1986-09-10,34 Gardanibagh Patna
Lalita,Gupta,lalita.gupta@company.com,+91 9876543289,1994-01-28,56 Mithapur Patna
Bharat,Yadav,bharat.yadav@company.com,+91 9876543290,1988-05-16,78 Digha Patna
Sunanda,Sharma,sunanda.sharma@company.com,+91 9876543291,1992-09-03,90 Kumhrar Patna
Pramod,Singh,pramod.singh@company.com,+91 9876543292,1985-03-21,12 Ashok Nagar Patna
Shanti,Pandey,shanti.pandey@company.com,+91 9876543293,1990-07-09,34 New Bypass Patna
Gopal,Tiwari,gopal.tiwari@company.com,+91 9876543294,1987-11-26,56 Saguna More Patna
Manju,Dubey,manju.dubey@company.com,+91 9876543295,1993-05-14,78 Kadamkuan Patna
Ashish,Srivastava,ashish.srivastava@company.com,+91 9876543296,1989-09-01,90 Bailey Road Patna
Nirmala,Agarwal,nirmala.agarwal@company.com,+91 9876543297,1991-03-19,12 Boring Canal Road Patna
Jitendra,Mishra,jitendra.mishra@company.com,+91 9876543298,1986-07-07,34 Lodipur Patna
Kavita,Gupta,kavita.gupta@company.com,+91 9876543299,1994-11-24,56 Phulwari Sharif Patna
Ramchandra,Yadav,ramchandra.yadav@company.com,+91 9876543300,1988-03-12,78 Danapur Patna
Sita,Sharma,sita.sharma@company.com,+91 9876543301,1992-07-30,90 Hajipur Patna
Mukesh,Singh,mukesh.singh@company.com,+91 9876543302,1985-11-17,12 Maner Patna
Radha,Pandey,radha.pandey@company.com,+91 9876543303,1990-05-05,34 Bihta Patna
Krishna,Tiwari,krishna.tiwari@company.com,+91 9876543304,1987-09-22,56 Mokama Patna
Gita,Dubey,gita.dubey@company.com,+91 9876543305,1993-01-10,78 Barh Patna
Anand,Srivastava,anand.srivastava@company.com,+91 9876543306,1989-05-28,90 Fatuha Patna
Sharda,Agarwal,sharda.agarwal@company.com,+91 9876543307,1991-09-15,12 Khagaul Patna
Vijay,Mishra,vijay.mishra@company.com,+91 9876543308,1986-01-03,34 Naubatpur Patna
Saraswati,Gupta,saraswati.gupta@company.com,+91 9876543309,1994-05-21,56 Bikram Patna
Raman,Yadav,raman.yadav@company.com,+91 9876543310,1988-09-08,78 Masaurhi Patna 