,,,,
LY74GQXWJ1,M3 Air,,,
L43CFL6LR0,M3 Air,,,
M7PVXLGJ2G,M3 Air,,,
RZCX80668XN,IMEI:350967550710178/351942600710170,Model name:SM-M356B/DS,GALAXY M35 5G,
RZCX71MB8AH,IMEI:350896234159587/358943154159585,Model name: SM-G990B2/DS,Galaxy S21 FE 5G,
LY04WH9JFC,M3 8GB 500GB AIR,,,
MN27X43JHQ,M3 16GB 250GB AIR,,,
KJ2096H79W,M3 16GB 250GB  AIR ,,,
L2DN7C14DW,M3 18GB 500GB PRO,,,
MHG94T6HPH,M3 18GB 500GB PRO,,,
HYXQ72MX19,M3 18GB 500GB PRO,,,
LRFV3FT767,M3 Air 16GB,,,
KWPXPP6WPX,M3 Air 16GB,,,
LV4P56XRY0,M3 Air 16GB,,,
M0JMGGJ46R,M3 Air 16GB,,,
KW619TR932,M3 Air 16GB,,,
KW7HQVX5M7,M3 Air 16GB,,,
L7G91377N2,M4 Pro 16GB,,,
KXVDCLQ336,M4 Pro 16GB,,,
HKGH2WG147,M4 Pro 16GB,,,
PF58K4XS,Thinkpad,,,
PF58GNC7,Thinkpad,,,
PF58YTLG,Thinkpad,,,
PF58WMLA,Thinkpad,,,
PF58WS4Z,Thinkpad,,,
R9ZY30G0X2T,Model name: SM-M066B/DS,IMEI:350160040489153,IMEI:351989660489153,Samsung M06 5g
54c6019c,Model name: 2406ERN9CI,IMEI:866487070681863,IMEI:866487070681871,Redmi 13 5G
ZA222V3ZJQ,Model name: XT2433-3,IMEI:350309006819255,IMEI:350309006819255,Motorola G35 5G
C5YY2JQ4TF,M4 Air,,,