Serial Number,Asset Type,Brand,Model,Notes
1,,,
10R09704,,,
4465AEC8,,,
57174/X4TK00756,,,
5LKR99LR0ZNBOZTC,,,
711KPZK0774597,,,
BELKIN ROUTER,Network Equipment,Belkin,Router,
C02HK45QJR9V,Laptop,Apple,MacBook,
C02JMBPVQ6L4,Laptop,Apple,MacBook,
C17FX04BQ6L4,Laptop,Apple,MacBook,
C17V0MQ10G,Laptop,Apple,MacBook,
C5772C93VN,,,
C5YY2JQ4TF,,,
C6DMXMGHHD,,,
C9TWV1WVYD,,,
CN01MVD1641803261WJT,Monitor,Dell,Dell Display,
CN01MVD16418041D01CT,Monitor,Dell,Dell Display,
CN01MVD16418041P11VT,Monitor,Dell,Dell Display,
CN01MVD16418046K0XET,Monitor,Dell,Dell Display,
CN01MVD16418047V0DXT,Monitor,Dell,Dell Display,
CN01MVD16418048S1FXT,Monitor,Dell,Dell Display,
CN01MVD16418048T09CT,Monitor,Dell,Dell Display,
CN01MVD16418048TOU8T,Monitor,Dell,Dell Display,
CN01NVD16418037N1MAT,Monitor,Dell,Dell Display,
CN0W60D2FCC00873C36IA04,Monitor,Dell,Dell Display,
CN0W8VY97426126PODJU,Monitor,Dell,Dell Display,
CN0W8VY97426127209KU,Monitor,Dell,Dell Display,
CNOW8VY97426126PODJU,Monitor,Dell,Dell Display,
CVH0F2C7Y7,,,
D9DJJYCVWX,,,
D9K4R3D2TP,,,
F4DWJ7RQ0Q,,,
F5MQWRWF6R,Mobile,Apple,iPhone,
FDJ7GXDWWN,,,
FK6PKHGQG5QT,,,
FVFF80VFQ05Q,Laptop,Apple,MacBook,
FVFFLPFBQ05D,Laptop,Apple,MacBook,
FVFJ6N21WFV,Laptop,Apple,MacBook,
FVFXKB6DHV27,Laptop,Apple,MacBook,
FVFZ3FGML40Y,Laptop,Apple,MacBook,
G62X90NL71,,,
GTX2P6HDW5,,,
HKGH2WG147,,,
HYXQ72MX19,,,
JR20PWKLGV,,,
KJ2096H79W,,,
KW619TR932,,,
KW7HQVX5M7,,,
KWPXPP6WPX,,,
L43CFL6LR0,,,
L7G91377N2,,,
LRFV3FT767,,,
LV4P56XRY0,,,
LY04WH9JFC,,,
LY74GQXWJ1,,,
M0JMGGJ46R,,,
MHG94T6HPH,,,
MN27X43JHQ,,,
MP24BQ27,Laptop,Apple,MacBook,
MP263AOP,Laptop,Apple,MacBook,
MVDWFYVNV9,,,
MY9WH1W9K7,,,
PF0X2TAH,Laptop,Apple,MacBook,
PF1ES933,Laptop,Apple,MacBook,
PF1M6BT7,Laptop,Apple,MacBook,
PF1PL6HR,Laptop,Apple,MacBook,
PF1PL6J4,Laptop,Apple,MacBook,
PF1PL6XH,Laptop,Apple,MacBook,
PF1Q48D4,Laptop,Apple,MacBook,
PF3Q9B36,Laptop,Apple,MacBook,
PF3Q9PCZ,Laptop,Apple,MacBook,
PF58K4XS,Laptop,Apple,MacBook,
PF58WMLA,Laptop,Apple,MacBook,
PF58YTLG,Laptop,Apple,MacBook,
PG013U2J,Laptop,Apple,MacBook,
PG015P24,Laptop,Apple,MacBook,
PG01CH5Q,Laptop,Apple,MacBook,
PG01DZDP,Laptop,Apple,MacBook,
PG01FY21,Laptop,Apple,MacBook,
PG01GMUJ,Laptop,Apple,MacBook,
PG01GMWA,Laptop,Apple,MacBook,
PG01P2A8,Laptop,Apple,MacBook,
PG02KESE,Laptop,Apple,MacBook,
PG02KF4Z,Laptop,Apple,MacBook,
PG02KF7E,Laptop,Apple,MacBook,
PG02KF8G,Laptop,Apple,MacBook,
PG02KF8V,Laptop,Apple,MacBook,
PG02KF95,Laptop,Apple,MacBook,
Q2YF2R6W2M,,,
R62FHPH0JN,,,
R7MFDQVXW3,,,
R9ZY30G0X2T,,,
RYW7CTP69Q,,,
RZ8N7023H0Z,,,
RZ8T50GA2NE,,,
RZCX71MB8AH,,,
RZCY5240Y9H,,,
T9XHJ6VJKH,,,
TDQH62WT07,,,
TFXWR630H4,,,
TXQ7W2M26R,,,
b168bc8d1222,Mobile,,,
bytws8qgscbutsde,Mobile,,,
e425d35c,Mobile,,,
