Missing Laptop Serial Number,Status
PG0105R9,Store
FVFVT748J1WL,Store
FVFXQG04J1WK,Store
FVFWTANCJ1WK,Store
FVHX2NYYJ1WK,Store
C02Q4KXWFVH3,Store
FVFXKB6GHV27,Store
C02T2NL2FVH3,Store
FVFFLP5SQ05D,Store
FVFX5SVAJ1WK,Store
C02TM0LVFVH3,Store
PG0237DT,Store
PG027306,Store
FVHZ1B8TJ1WK,Store
C02Q4TSJFVH3,Store
FVFX80MHJ1WK,Store
PG013U1X,Store
MP27J0FC,Foundation Uday
PG0273FS,Store
FVFXQJL2J1WK,Store
MP22F6S0,Store
MP22F48C,Store
C02TF2SKFVH3,Foundation
C02P4HH0G3QH,Store
FVHW6BN4J1WK,Store
C02ZQ0A5MD6P,Foundation
FVFWKRWZJ1WL,Store
C02TP8VFFVH3,Store
C02P33VGG3QH,Store
C17D920HML7H,Store
C17N5710G3QJ,Store
C17N578FG3QJ,Store
FVFV5YU8J1WK,Store
FVFZ5LYTJ1WK,Store
C02Q4X2BFVH3,Store
FVFXJ7DXJ1WK,Store
PG013U0U,Store
PF3TVT5N,Store
FVFXN1QCHV27,Store
KXVDCLQ336,Store
C02T7C5QFVH3,Store
PF58GNC7,Store
FVFY21V4HV27,Store
PF1ES56S,Store
PG01CH60,Store
PG01P76N,Store
MP263C6R,Store
PG0272YJ,Store
C02KC2FNQ6L7,Store
C02JMBQ7Q6L4,Store
MP22CN4C,Store
FVHXD6RJHV22,Store
MP263A0P,Store
PG02KES7,Store
FVFXP0SDHV27,Store
FVFXDAEMHV27,Store
C02TJ0J6GVC1,Store
C1MSK17QDTY3,Store
PF3WNKPN,Store
PG02730S,Store
PG013UEE,Store
MP24BWTM,Store
L73J7LC253,Store
5CG1256SJR,Store
MP24BT3W,Store
C02T74HVFVH3,Store
C17R90QNFVH3,Store
PG01CH4Z,Store
PG02KE57,Store
C1MKV9R7DTY3,Store
FVHX2AXSJ1WK,Store
C02FW8HBMD6M,Store
C02T4173FVH3,Store
PG012MYU,Store
FVFXQG06J1WK,Store
C02PQXA4FVH3,Store
PG013U5C,Store
2.76E+14,Store
FVHWLGJFJ1WK,Store
FVFTK4M2H3QD,Store
FVHX2B26J1WK,Store
FVFXDADHHV27,Store
FVFXF6UWHV27,Store
FVFXP0SHHV27,Store
FVHXGFWQJ1WK,Store
FVHTVNMZJ1WK,Store
C02S9ZRNFVH3,Store
C02T7CDYFVH3,Store
C02PJ2S5FVH5,Store
C02S5DNLFVH3,Store
C1MS70AGDTY3,Store
C17S907ZFVH3,Store
FVFV4DPZJ1WK,Store
C02Q4KQSFVH3,Store
C1MSM2FSDTY3,Store
C17N571MG3QJ,Store
C17PD2HDFVH3,Store
C02Q4KUCFVH3,Store
C02MK4E6FH00,Store
C02T75DUFVH3,Store
FVFXJ2T2J1WK,Store
FVFVQ4NRJ1WK,Store
C02Q4DEGFVH3,Store
C02L4A12DR53,Store
FVFXJUU0J1WK,Store
C17RR7PTFVH3,Store
C02NGJNPG3QJ,Store
C02RM1LFFVH3,Store
C17S900SFVH3,Store
C02S5DJ8FVH3,Store
FVFVT71TJ1WL,Store
FVHW6BKVJ1WK,Store
C17S907RFVH3,Store
L2DN7C14DW,Store
C02G8ARWML7H,Store
FVFWKFL9HV2,Store
MP263C98,Store