9.department,,,,
Purpose:Stores department information for organizational structure and employee categorization,,,,
,,,,
column name,constraint,data_type,relation_type,Description
id,PK,SERIAL,,Unique identifier for the department
name,NOT NULL UNIQUE,VARCHAR(100),,Department name (IT HR Finance etc.)
description,NULL,TEXT,,Department description
manager_id,FK NULL,INT,1-M,Department manager (Foreign Key referencing employee.id)
is_active,NOT NULL DEFAULT TRUE,BOOLEAN,,Department status
created_by,FK NOT NULL,INT,1-M,User ID who created this record (Foreign Key referencing user.id)
created_at,DEFAULT NOW(),TIMESTAMPTZ,,Timestamp when record was created
updated_by,FK NOT NULL,INT,1-M,User ID who last updated this record (Foreign Key referencing user.id)
updated_at,DEFAULT NOW(),TIMESTAMPTZ,,Timestamp when record was last updated